nItens,nKnapsacks,ExactTime,ExactResult
10,1,0.000285844,2537
10,2,0.00297991,2377
10,3,0.0307576,2825
10,4,0.299833,1895
10,5,1.8184,1887
10,6,9.0451,2462
10,7,32.8973,2499
10,8,105.849,2170
10,9,300.601,1497
10,10,785.315,2435
