nItens,nKnapsacks,ColonyTime,ColonyResult,iterations
20,10,0.198137,5772,91
40,20,1.00368,22171,51
60,30,3.4042,31848,51
80,40,8.48763,39363,51
100,50,17.393,47810,51
