nItens,nKnapsacks,ColonyTime,ColonyResult,iterations
10,1,0.017141,2537,54
10,2,0.013918,2377,52
10,3,0.020114,2825,53
10,4,0.022684,1895,52
10,5,0.020419,1887,51
10,6,0.01902,2462,52
10,7,0.017306,2499,51
10,8,0.019541,2170,51
10,9,0.012346,1497,54
10,10,0.019662,2435,52
